Request_Number,Employees,Monthly_Profit,Credit_History,Customers,Export_Abroad,Loan_Amount,Payment_Terms,Gender,Education,Married,Spouse_Income,Request_Approved
RN1125489,1,2014,1,Large,No,113,360,Male,Graduate,Yes,2925,N
RN1125490,0,1800,0,Large,No,93,360,Male,Not Graduate,Yes,2934,N
RN1125491,,2875,1,Medium,No,105,360,Male,Not Graduate,Yes,1750,Y
RN1125492,0,5000,1,Small,No,132,360,Female,Graduate,No,0,Y
RN1125493,1,1625,1,Large,No,96,360,Male,Graduate,Yes,1803,Y
RN1125494,0,4000,1,Small,No,140,360,Male,Graduate,No,2500,Y
RN1125495,0,2000,1,Large,No,,360,Male,Not Graduate,No,0,N
RN1125496,0,3762,1,Small,No,135,360,Female,Graduate,No,1666,Y
RN1125497,0,2400,0,Large,No,104,360,Female,Graduate,No,1863,N
RN1125498,0,20233,1,Small,No,480,360,Male,Graduate,No,0,N
RN1125499,2,7667,,Small,No,185,360,Male,Not Graduate,Yes,0,Y
RN1125500,0,2917,1,Medium,No,84,360,Female,Graduate,No,0,Y
RN1125501,0,2927,1,Medium,No,111,360,Male,Not Graduate,No,2405,Y
RN1125502,0,2507,1,Small,No,56,360,Female,Graduate,No,0,Y
RN1125503,2,5746,,Small,Yes,144,84,Male,Graduate,Yes,0,Y
RN1125504,0,2473,1,Small,No,159,360,,Graduate,Yes,1843,N
RN1125505,1,3399,1,Large,No,111,180,Male,Not Graduate,Yes,1640,Y
RN1125506,2,3717,1,Medium,No,120,360,Male,Graduate,Yes,0,Y
RN1125507,0,2058,,Large,No,88,360,Male,Graduate,Yes,2134,Y
RN1125508,1,3541,,Medium,No,112,360,Female,Graduate,No,0,Y
RN1125509,1,10000,1,Small,Yes,155,360,Male,Graduate,Yes,0,N
RN1125510,0,2400,1,Medium,No,115,360,Male,Graduate,Yes,2167,Y
RN1125511,3+,4342,1,Medium,No,124,360,Male,Graduate,Yes,189,Y
RN1125512,2,3601,1,Small,No,,360,Male,Not Graduate,Yes,1590,Y
RN1125513,0,3166,,Small,No,132,360,Female,Graduate,No,2985,Y
RN1125514,3+,15000,1,Small,No,300,360,Male,Graduate,Yes,0,Y
RN1125515,1,8666,0,Small,Yes,376,360,Male,Graduate,Yes,4983,N
RN1125516,0,4917,0,Small,No,130,360,Male,Graduate,No,0,Y
RN1125517,0,5818,1,Medium,Yes,184,360,Male,Graduate,Yes,2160,Y
RN1125518,0,4333,1,Large,No,110,360,Female,Graduate,Yes,2451,N
RN1125519,0,2500,1,Large,No,67,360,Female,Graduate,No,0,Y
RN1125520,1,4384,1,Large,No,117,360,Male,Graduate,No,1793,Y
RN1125521,0,2935,1,Medium,No,98,360,Male,Graduate,No,0,Y
RN1125522,,2833,1,Large,No,71,360,Male,Graduate,No,0,Y
RN1125523,0,63337,1,Large,,490,180,Male,Graduate,Yes,0,Y
RN1125524,1,9833,1,Large,Yes,182,180,,Graduate,Yes,1833,Y
RN1125525,,5503,1,Medium,Yes,70,,Male,Graduate,Yes,4490,Y
RN1125526,1,5250,1,Small,,160,360,Male,Graduate,Yes,688,Y
RN1125527,2,2500,1,Small,Yes,176,360,Male,Graduate,Yes,4600,Y
RN1125528,3+,1830,0,Large,No,,360,Female,Not Graduate,No,0,N
RN1125529,0,4160,1,Medium,No,71,360,Female,Graduate,No,0,Y
RN1125530,3+,2647,1,Small,No,173,360,Male,Not Graduate,Yes,1587,N
RN1125531,0,2378,1,Small,No,46,360,Female,Graduate,No,0,N
RN1125532,1,4554,1,Large,No,158,360,Male,Not Graduate,Yes,1229,Y
RN1125533,3+,3173,1,Medium,No,74,360,Male,Not Graduate,Yes,0,Y
RN1125534,2,2583,1,Small,,125,360,Male,Graduate,Yes,2330,Y
RN1125535,0,2499,1,Medium,No,160,360,Male,Graduate,Yes,2458,Y
RN1125536,,3523,0,Small,No,152,360,Male,Not Graduate,Yes,3230,N
RN1125537,2,3083,1,Large,No,126,360,Male,Not Graduate,Yes,2168,Y
RN1125538,0,6333,,Medium,No,259,360,Male,Graduate,Yes,4583,Y
RN1125539,0,2625,1,Small,No,187,360,Male,Graduate,Yes,6250,Y
RN1125540,0,9083,1,Medium,No,228,360,Male,Graduate,Yes,0,Y
RN1125541,0,8750,1,Small,No,308,360,Male,Graduate,No,4167,N
RN1125542,3+,2666,1,Small,No,95,360,Male,Graduate,Yes,2083,Y
RN1125543,0,5500,0,Small,Yes,105,360,Female,Graduate,Yes,0,N
RN1125544,0,2423,1,Medium,No,130,360,Female,Graduate,Yes,505,Y
RN1125545,,3813,1,Large,No,116,180,Female,Graduate,No,0,Y
RN1125546,2,8333,1,Small,No,165,360,Male,Graduate,Yes,3167,Y
RN1125547,1,3875,1,Large,No,67,360,Male,Graduate,Yes,0,N
RN1125548,0,3000,0,Large,No,100,480,Male,Not Graduate,Yes,1666,N
RN1125549,3+,5167,1,Medium,No,200,360,Male,Graduate,Yes,3167,Y
RN1125550,1,4723,1,Medium,No,81,360,Female,Graduate,No,0,N
RN1125551,2,5000,1,Medium,No,236,360,Male,Graduate,Yes,3667,Y
RN1125552,0,4750,1,Large,No,130,360,Male,Graduate,Yes,2333,Y
RN1125553,0,3013,,Large,No,95,300,Male,Graduate,Yes,3033,Y
RN1125554,0,6822,1,Small,Yes,141,360,Male,Graduate,No,0,Y
RN1125555,0,6216,1,Small,No,133,360,Male,Not Graduate,No,0,N
RN1125556,0,2500,1,Medium,No,96,480,Male,Graduate,No,0,N
RN1125557,0,5124,0,Small,No,124,,Male,Graduate,No,0,N
RN1125558,1,6325,1,Medium,No,175,360,Male,Graduate,Yes,0,Y
RN1125559,0,19730,1,Small,No,570,360,Male,Graduate,Yes,5266,N
RN1125560,0,15759,1,Medium,Yes,55,360,Female,Graduate,No,0,Y
RN1125561,2,5185,1,Medium,No,155,360,Male,Graduate,Yes,0,Y
RN1125562,2,9323,1,Small,Yes,380,300,Male,Graduate,Yes,7873,Y
RN1125563,1,3062,0,Large,No,111,180,Male,Graduate,No,1987,N
RN1125564,0,2764,1,Large,,110,360,Female,Graduate,No,1459,Y
RN1125565,0,4817,1,Large,No,120,180,Male,Graduate,Yes,923,Y
RN1125566,3+,8750,1,Small,No,130,360,Male,Graduate,Yes,4996,Y
RN1125567,0,4310,,Medium,No,130,360,Male,Graduate,Yes,0,Y
RN1125568,0,3069,1,Large,No,71,480,Male,Graduate,No,0,N
RN1125569,2,5391,1,Large,No,130,360,Male,Graduate,Yes,0,Y
RN1125570,0,3333,1,Medium,,128,360,Male,Graduate,Yes,2500,Y
RN1125571,0,5941,1,Medium,No,296,360,Male,Graduate,No,4232,Y
RN1125572,0,6000,1,Large,No,156,360,Female,Graduate,No,0,Y
RN1125573,0,7167,1,Large,Yes,128,360,Male,Graduate,No,0,Y
RN1125574,2,4566,1,Large,No,100,360,Male,Graduate,Yes,0,N
RN1125575,1,3667,1,Large,,113,180,Male,Graduate,No,0,Y
RN1125576,0,2346,1,Medium,No,132,360,Male,Not Graduate,No,1600,Y
RN1125577,0,3010,0,Large,No,,360,Male,Not Graduate,Yes,3136,N
RN1125578,0,2333,1,Large,No,136,360,Male,Graduate,Yes,2417,Y
RN1125579,0,5488,1,Small,No,125,360,Male,Graduate,Yes,0,Y
RN1125580,3+,9167,1,Small,No,185,360,Male,Graduate,No,0,Y
RN1125581,3+,9504,1,Small,No,275,360,Male,Graduate,Yes,0,Y
RN1125582,0,2583,,Large,No,120,360,Male,Graduate,Yes,2115,Y
RN1125583,2,1993,1,Medium,No,113,180,Male,Not Graduate,Yes,1625,Y
RN1125584,2,3100,1,Large,No,113,360,Male,Graduate,Yes,1400,Y
RN1125585,2,3276,,Medium,No,135,360,Male,Graduate,Yes,484,Y
RN1125586,0,3180,0,Large,No,71,360,Female,Graduate,No,0,N
RN1125587,0,3033,1,Large,No,95,360,Male,Graduate,Yes,1459,Y
RN1125588,0,3902,1,Small,No,109,360,Male,Not Graduate,No,1666,Y
RN1125589,0,1500,0,Medium,No,103,360,Female,Graduate,No,1800,N
RN1125590,2,2889,0,Large,No,45,180,Male,Not Graduate,Yes,0,N
RN1125591,0,2755,1,Small,No,65,300,Male,Not Graduate,No,0,N
RN1125592,0,2500,1,Medium,No,103,360,Male,Graduate,No,20000,Y
RN1125593,0,1963,1,Medium,No,53,360,Female,Not Graduate,No,0,Y
RN1125594,0,7441,1,Small,Yes,194,360,Female,Graduate,No,0,N
RN1125595,0,4547,1,Medium,No,115,360,Female,Graduate,No,0,Y
RN1125596,0,2167,1,Large,No,115,360,Male,Not Graduate,Yes,2400,Y
RN1125597,0,2213,1,Small,No,66,360,Female,Not Graduate,No,0,Y
RN1125598,1,8300,0,Medium,No,152,300,Male,Graduate,Yes,0,N
RN1125599,3+,81000,0,Small,No,360,360,Male,Graduate,Yes,0,N
RN1125600,1,3867,1,Medium,Yes,62,360,Female,Not Graduate,No,0,N
RN1125601,0,6256,,Large,,160,360,Male,Graduate,Yes,0,Y
RN1125602,0,6096,0,Small,No,218,360,Male,Not Graduate,Yes,0,N
RN1125603,0,2253,1,Small,No,110,360,Male,Not Graduate,Yes,2033,Y
RN1125604,0,2149,0,Medium,No,178,360,Female,Not Graduate,Yes,3237,N
RN1125605,0,2995,1,Large,No,60,360,Female,Graduate,No,0,Y
RN1125606,1,2600,1,Large,No,160,360,Female,Graduate,No,0,N
RN1125607,2,1600,1,Large,Yes,239,360,Male,Graduate,Yes,20000,N
RN1125608,0,1025,1,Small,No,112,360,Male,Graduate,Yes,2773,Y
RN1125609,0,3246,1,Medium,No,138,360,Male,Graduate,Yes,1417,Y
RN1125610,0,5829,1,Small,No,138,360,Male,Graduate,Yes,0,Y
RN1125611,0,2720,0,Large,No,80,,Female,Not Graduate,No,0,N
RN1125612,0,1820,1,Large,No,100,360,Male,Graduate,Yes,1719,Y
RN1125613,1,7250,0,Large,No,110,,Male,Graduate,Yes,1667,N
RN1125614,0,14880,1,Medium,No,96,360,Male,Graduate,Yes,0,Y
RN1125615,0,2666,1,Small,No,121,360,Male,Graduate,Yes,4300,Y
RN1125616,1,4606,1,Small,No,81,360,Female,Not Graduate,No,0,N
RN1125617,2,5935,1,Medium,No,133,360,Male,Graduate,Yes,0,Y
RN1125618,0,2920,1,Small,No,87,360,Male,Graduate,Yes,16.12000084,Y
RN1125619,0,2717,1,Large,No,60,180,Male,Not Graduate,No,0,Y
RN1125620,1,8624,1,Medium,Yes,150,360,Female,Graduate,No,0,Y
RN1125621,0,6500,0,Small,No,105,360,Male,Graduate,No,0,N
RN1125622,0,12876,1,Medium,,405,360,Male,Graduate,No,0,Y
RN1125623,0,2425,1,Medium,No,143,360,Male,Graduate,Yes,2340,Y
RN1125624,0,3750,1,Large,No,100,360,Male,Graduate,No,0,Y
RN1125625,,10047,1,Medium,No,,240,Female,Graduate,,0,Y
RN1125626,0,1926,1,Medium,No,50,360,Male,Graduate,No,1851,Y
RN1125627,0,2213,1,Large,No,,360,Male,Graduate,Yes,1125,Y
RN1125628,0,10416,0,Large,Yes,187,360,Male,Graduate,No,0,N
RN1125629,0,7142,1,Small,Yes,138,360,Female,Not Graduate,Yes,0,Y
RN1125630,0,3660,1,Medium,No,187,360,Male,Graduate,No,5064,Y
RN1125631,0,7901,1,Small,No,180,360,Male,Graduate,Yes,1833,Y
RN1125632,3+,4707,1,Medium,No,148,360,Male,Not Graduate,No,1993,Y
RN1125633,1,37719,1,Medium,No,152,360,Male,Graduate,No,0,Y
RN1125634,0,7333,,Small,No,175,300,Male,Graduate,Yes,8333,Y
RN1125635,1,3466,1,Small,Yes,130,360,Male,Graduate,Yes,1210,Y
RN1125636,2,4652,1,Small,No,110,360,Male,Not Graduate,Yes,0,Y
RN1125637,0,3539,1,Small,,55,360,Male,Graduate,Yes,1376,N
RN1125638,2,3340,0,Small,No,150,360,Male,Graduate,Yes,1710,N
RN1125639,1,2769,,Medium,Yes,190,360,Male,Not Graduate,No,1542,N
RN1125640,2,2309,0,Small,No,125,360,Male,Not Graduate,Yes,1255,N
RN1125641,2,1958,,Large,No,60,300,Male,Not Graduate,Yes,1456,Y
RN1125642,0,3948,0,Small,No,149,360,Male,Graduate,Yes,1733,N
RN1125643,0,2483,0,Small,No,90,180,Male,Graduate,Yes,2466,Y
RN1125644,0,7085,1,Medium,Yes,84,360,Male,Graduate,No,0,Y
RN1125645,2,3859,1,Medium,No,96,360,Male,Graduate,Yes,0,Y
RN1125646,0,4301,1,Large,No,118,360,Male,Graduate,Yes,0,Y
RN1125647,0,3708,1,Large,No,173,360,Male,Graduate,Yes,2569,N
RN1125648,2,4354,1,Small,No,136,360,Male,Graduate,No,0,Y
RN1125649,0,8334,1,Medium,No,160,360,Male,Graduate,Yes,0,N
RN1125650,0,2083,,Medium,Yes,160,360,,Graduate,Yes,4083,Y
RN1125651,3+,7740,1,Large,No,128,180,Male,Graduate,Yes,0,Y
RN1125652,0,3015,1,Small,No,153,360,Male,Graduate,Yes,2188,Y
RN1125653,1,5191,1,Medium,,132,360,Female,Not Graduate,No,0,Y
RN1125654,0,4166,0,Medium,No,98,360,Male,Graduate,No,0,N
RN1125655,0,6000,1,Small,No,140,360,Male,Graduate,No,0,Y
RN1125656,3+,2947,0,Large,No,70,180,Male,Not Graduate,Yes,1664,N
RN1125657,0,16692,1,Medium,No,110,360,,Graduate,Yes,0,Y
RN1125658,2,210,1,Medium,,98,360,Female,Not Graduate,Yes,2917,Y
RN1125659,0,4333,1,Large,No,110,360,Male,Graduate,Yes,2451,N
RN1125660,1,3450,1,Medium,Yes,162,360,Male,Graduate,Yes,2079,Y
RN1125661,1,2653,0,Small,No,113,180,Male,Not Graduate,Yes,1500,N
RN1125662,3+,4691,1,Medium,No,100,360,Male,Graduate,Yes,0,Y
RN1125663,0,2500,,Large,Yes,93,360,Female,Graduate,No,0,Y
RN1125664,2,5532,1,Small,No,162,360,Male,Graduate,No,4648,Y
RN1125665,2,16525,1,Small,Yes,150,360,Male,Graduate,Yes,1014,Y
RN1125666,2,6700,1,Medium,No,230,300,Male,Graduate,Yes,1750,Y
RN1125667,2,2873,0,Medium,No,132,360,,Graduate,Yes,1872,N
RN1125668,1,16667,1,Medium,Yes,86,360,Male,Graduate,Yes,2250,Y
RN1125669,2,2947,1,Large,No,,360,Male,Graduate,Yes,1603,N
RN1125670,0,4350,1,Small,No,154,360,Female,Not Graduate,No,0,Y
RN1125671,3+,3095,1,Small,No,113,360,Male,Not Graduate,Yes,0,Y
RN1125672,0,2083,1,Medium,No,128,360,Male,Graduate,Yes,3150,Y
RN1125673,0,10833,1,Medium,No,234,360,Male,Graduate,Yes,0,Y
RN1125674,2,8333,1,Medium,No,246,360,Male,Graduate,Yes,0,Y
RN1125675,1,1958,1,Small,No,131,360,Male,Not Graduate,Yes,2436,Y
RN1125676,2,3547,0,Small,No,80,360,Male,Graduate,No,0,N
RN1125677,1,18333,1,Large,No,500,360,Male,Graduate,Yes,0,N
RN1125678,2,4583,1,Medium,Yes,160,360,Male,Graduate,Yes,2083,Y
RN1125679,0,2435,1,Large,No,75,360,Male,Graduate,No,0,N
RN1125680,0,2699,,Medium,No,96,360,Male,Not Graduate,No,2785,Y
RN1125681,1,5333,,Large,No,186,360,Male,Not Graduate,Yes,1131,Y
RN1125682,0,3691,1,Small,No,110,360,Male,Not Graduate,No,0,Y
RN1125683,0,17263,1,Medium,Yes,225,360,Female,Not Graduate,No,0,Y
RN1125684,0,3597,0,Small,No,119,360,Male,Graduate,Yes,2157,N
RN1125685,1,3326,1,Medium,No,105,84,Female,Graduate,Yes,913,Y
RN1125686,0,2600,1,Small,No,107,360,Male,Not Graduate,Yes,1700,Y
RN1125687,0,4625,,Large,No,111,12,Male,Graduate,Yes,2857,Y
RN1125688,1,2895,1,Medium,Yes,95,360,Male,Graduate,Yes,0,Y
RN1125689,0,6283,0,Small,No,209,360,Male,Graduate,No,4416,N
RN1125690,0,645,1,Small,No,113,480,Female,Graduate,No,3683,Y
RN1125691,0,3159,1,Medium,No,100,360,Female,Graduate,No,0,Y
RN1125692,2,4865,1,Medium,No,208,360,Male,Graduate,Yes,5624,Y
RN1125693,1,4050,,Small,No,138,360,Male,Not Graduate,Yes,5302,N
RN1125694,0,3814,1,Medium,No,124,300,Male,Not Graduate,Yes,1483,Y
RN1125695,2,3510,1,Small,No,243,360,Male,Graduate,Yes,4416,Y
RN1125696,0,20833,,Large,No,480,360,Male,Graduate,Yes,6667,Y
RN1125697,0,3583,1,Large,No,96,360,,Graduate,No,0,N
RN1125698,0,2479,1,Large,Yes,188,360,Male,Graduate,Yes,3013,Y
RN1125699,1,13262,1,Large,No,40,360,Female,Graduate,No,0,Y
RN1125700,0,3598,1,Small,No,100,360,Male,Not Graduate,No,1287,N
RN1125701,1,6065,1,Medium,No,250,360,Male,Graduate,Yes,2004,Y
RN1125702,2,3283,1,Large,No,148,360,Male,Graduate,Yes,2035,Y
RN1125703,0,2130,1,Medium,No,70,180,Male,Graduate,Yes,6666,N
RN1125704,0,5815,1,Small,No,311,360,Male,Graduate,No,3666,N
RN1125705,3+,3466,1,Small,No,150,360,Male,Graduate,Yes,3428,Y
RN1125706,2,2031,1,Medium,No,113,480,Female,Graduate,Yes,1632,Y
RN1125707,,3074,0,Medium,No,123,360,Male,Not Graduate,Yes,1800,N
RN1125708,0,4683,1,Medium,No,185,360,Male,Graduate,No,1915,N
RN1125709,0,3400,1,Small,No,95,360,Female,Not Graduate,No,0,N
RN1125710,2,2192,1,Medium,No,45,360,Male,Not Graduate,Yes,1742,Y
RN1125711,0,2500,1,Medium,No,55,360,Male,Graduate,No,0,Y
RN1125712,3+,5677,1,Small,Yes,100,360,Male,Graduate,Yes,1424,Y
RN1125713,2,7948,1,Small,Yes,480,360,Male,Graduate,Yes,7166,Y
RN1125714,0,4680,1,Medium,No,,360,Male,Graduate,No,2087,N
RN1125715,2,17500,1,Small,Yes,400,360,Male,Graduate,Yes,0,Y
RN1125716,0,3775,1,Medium,No,110,360,Male,Graduate,Yes,0,Y
RN1125717,1,5285,0,Medium,No,161,360,Male,Not Graduate,Yes,1430,Y
RN1125718,1,2679,1,Medium,No,94,360,Male,Not Graduate,No,1302,Y
RN1125719,0,6783,1,Medium,No,130,360,Male,Not Graduate,No,0,Y
RN1125720,0,1025,,Small,No,216,360,Male,Graduate,Yes,5500,Y
RN1125721,3+,4281,1,Large,No,100,360,Male,Graduate,Yes,0,Y
RN1125722,2,3588,0,Small,No,110,360,Male,Graduate,No,0,N
RN1125723,1,11250,,Medium,No,196,360,Male,Graduate,No,0,N
RN1125724,0,18165,1,Large,Yes,125,360,Female,Not Graduate,No,0,Y
RN1125725,0,2550,1,Small,,126,360,Male,Not Graduate,No,2042,Y
RN1125726,0,6133,1,Large,No,324,360,Male,Graduate,Yes,3906,Y
RN1125727,2,3617,1,Medium,No,107,360,Male,Graduate,No,0,Y
RN1125728,0,2917,1,Small,No,66,360,Male,Not Graduate,Yes,536,N
RN1125729,3+,6417,1,Small,No,157,180,Male,Graduate,Yes,0,Y
RN1125730,1,4608,1,Medium,No,140,180,Female,Graduate,Yes,2845,Y
RN1125731,0,2138,0,Medium,No,99,360,Female,Graduate,No,0,N
RN1125732,1,3652,1,Medium,,95,360,Female,Graduate,No,0,Y
RN1125733,1,2239,1,Large,No,128,360,Male,Not Graduate,Yes,2524,Y
RN1125734,0,3017,,Medium,No,102,360,Female,Not Graduate,Yes,663,Y
RN1125735,0,2768,1,Small,No,155,360,Male,Graduate,Yes,1950,Y
RN1125736,0,3358,1,Medium,No,80,36,Male,Not Graduate,No,0,N
RN1125737,0,2526,1,Small,No,145,360,Male,Graduate,No,1783,Y
RN1125738,0,5000,0,Medium,No,103,360,Female,Graduate,No,0,N
RN1125739,0,2785,1,Small,No,110,360,Male,Graduate,Yes,2016,Y
RN1125740,2,6633,0,Small,Yes,,360,Male,Graduate,Yes,0,N
RN1125741,1,2492,1,Small,No,,360,Male,Not Graduate,Yes,2375,Y
RN1125742,1,3333,1,Large,No,158,360,Male,Graduate,Yes,3250,Y
RN1125743,0,2454,0,Large,No,181,360,Male,Not Graduate,Yes,2333,N
RN1125744,0,3593,0,Small,No,132,180,Male,Graduate,Yes,4266,N
RN1125745,1,5468,1,Medium,No,26,360,Male,Graduate,Yes,1032,Y
RN1125746,0,2667,,Large,No,84,360,Female,Graduate,No,1625,Y
RN1125747,3+,10139,1,Medium,Yes,260,360,Male,Graduate,Yes,0,Y
RN1125748,0,3887,1,Medium,No,162,360,Male,Graduate,Yes,2669,Y
RN1125749,0,4180,1,Medium,No,182,360,Female,Graduate,Yes,2306,Y
RN1125750,2,3675,1,Medium,No,108,360,Male,Not Graduate,Yes,242,Y
RN1125751,1,19484,1,Medium,Yes,600,360,Female,Graduate,Yes,0,Y
RN1125752,0,5923,1,Small,No,211,360,Male,Graduate,Yes,2054,Y
RN1125753,0,5800,1,Medium,Yes,132,360,Male,Not Graduate,No,0,Y
RN1125754,2,8799,0,Large,No,258,360,Male,Graduate,Yes,0,N
RN1125755,0,4467,,Small,No,120,360,Male,Not Graduate,Yes,0,Y
RN1125756,0,3333,1,Large,No,70,360,Male,Graduate,No,0,Y
RN1125757,3+,3400,0,Small,No,123,360,Male,Graduate,Yes,2500,N
RN1125758,0,2378,1,Large,No,9,360,Female,Graduate,No,0,N
RN1125759,0,3166,0,Large,No,104,360,Male,Graduate,Yes,2064,N
RN1125760,1,3417,1,Large,No,186,360,Male,Graduate,Yes,1750,Y
RN1125761,,5116,0,Large,No,165,360,Male,Graduate,Yes,1451,N
RN1125762,2,16666,1,Large,No,275,360,Male,Graduate,Yes,0,Y
RN1125763,2,6125,1,Medium,No,187,480,Male,Not Graduate,Yes,1625,N
RN1125764,3+,6406,1,Medium,No,150,360,Male,Graduate,Yes,0,N
RN1125765,2,3159,1,Large,No,108,84,Male,Graduate,Yes,461,Y
RN1125766,0,3087,0,Medium,No,136,360,,Graduate,Yes,2210,N
RN1125767,0,3229,1,Large,No,110,360,Male,Graduate,No,2739,Y
RN1125768,1,1782,1,Small,No,107,360,Male,Graduate,Yes,2232,Y
RN1125769,0,3182,1,Large,,161,360,Male,Graduate,No,2917,Y
RN1125770,2,6540,1,Medium,No,205,360,Male,Graduate,Yes,0,Y
RN1125771,0,1836,1,Large,No,90,360,Male,Graduate,No,33837,N
RN1125772,0,3166,1,Medium,No,36,360,Female,Graduate,Yes,0,Y
RN1125773,1,1880,,Small,No,61,360,Male,Graduate,Yes,0,N
RN1125774,1,2787,0,Small,No,146,360,Male,Graduate,Yes,1917,N
RN1125775,1,4283,1,Small,No,172,84,Male,Graduate,Yes,3000,N
RN1125776,0,2297,1,Large,No,104,360,Male,Graduate,Yes,1522,Y
RN1125777,0,2165,1,Medium,No,70,360,Female,Not Graduate,No,0,Y
RN1125778,0,4750,1,Medium,No,94,360,,Graduate,No,0,Y
RN1125779,2,2726,0,Medium,Yes,106,360,Male,Graduate,Yes,0,N
RN1125780,0,3000,1,Medium,No,56,180,Male,Graduate,Yes,3416,Y
RN1125781,2,6000,1,Medium,Yes,205,240,Male,Graduate,Yes,0,N
RN1125782,3+,9357,1,Medium,Yes,292,360,,Graduate,No,0,Y
RN1125783,0,3859,1,Small,No,142,180,Male,Graduate,Yes,3300,Y
RN1125784,0,16120,1,Large,Yes,260,360,Male,Graduate,Yes,0,Y
RN1125785,0,3833,1,Small,No,110,360,Male,Not Graduate,No,0,Y
RN1125786,2,6383,1,Small,Yes,187,360,Male,Not Graduate,Yes,1000,N
RN1125787,,2987,0,Medium,No,88,360,Male,Graduate,No,0,N
RN1125788,0,9963,1,Small,Yes,180,360,Male,Graduate,Yes,0,Y
RN1125789,2,5780,1,Large,No,192,360,Male,Graduate,Yes,0,Y
RN1125790,3+,416,,Large,,350,180,Female,Graduate,No,41667,N
RN1125791,0,2894,1,Small,,155,360,Male,Not Graduate,Yes,2792,Y
RN1125792,3+,5703,1,Large,No,128,360,Male,Graduate,Yes,0,Y
RN1125793,0,3676,1,Small,No,172,360,Male,Graduate,No,4301,Y
RN1125794,1,12000,1,Medium,No,496,360,Female,Graduate,Yes,0,Y
RN1125795,0,2400,1,Large,No,,180,Male,Not Graduate,Yes,3800,N
RN1125796,1,3400,1,Medium,No,173,360,Male,Graduate,Yes,2500,Y
RN1125797,2,3987,1,Small,No,157,360,Male,Not Graduate,Yes,1411,Y
RN1125798,0,3232,1,Small,No,108,360,Male,Graduate,Yes,1950,Y
RN1125799,0,2900,1,Small,No,71,360,Female,Graduate,No,0,Y
RN1125800,3+,4106,1,Small,No,40,180,Male,Graduate,Yes,0,Y
RN1125801,1,8072,1,Large,No,253,360,Male,Graduate,Yes,240,Y
RN1125802,2,7583,1,Large,No,187,360,Male,Graduate,Yes,0,Y
RN1125803,0,4583,0,Medium,Yes,133,360,Female,Graduate,No,0,N
RN1125804,0,5849,1,Large,No,,360,Male,Graduate,No,0,Y
RN1125805,1,4583,1,Small,No,128,360,Male,Graduate,Yes,1508,N
RN1125806,0,3000,1,Large,Yes,66,360,Male,Graduate,Yes,0,Y
RN1125807,0,2583,1,Large,No,120,360,Male,Not Graduate,Yes,2358,Y
RN1125808,0,6000,1,Large,No,141,360,Male,Graduate,No,0,Y
RN1125809,2,5417,1,Large,Yes,267,360,Male,Graduate,Yes,4196,Y
RN1125810,0,2333,1,Large,No,95,360,Male,Not Graduate,Yes,1516,Y
RN1125811,3+,3036,0,Medium,No,158,360,Male,Graduate,Yes,2504,N
RN1125812,2,4006,1,Large,No,168,360,Male,Graduate,Yes,1526,Y
RN1125813,1,12841,1,Medium,No,349,360,Male,Graduate,Yes,10968,N
RN1125814,2,3200,1,Large,No,70,360,Male,Graduate,Yes,700,Y
RN1125815,2,2500,1,Large,,109,360,Male,Graduate,Yes,1840,Y
RN1125816,2,3073,1,Large,No,200,360,Male,Graduate,Yes,8106,Y
RN1125817,0,1853,1,Small,No,114,360,Male,Graduate,No,2840,N
RN1125818,2,1299,1,Large,No,17,120,Male,Graduate,Yes,1086,Y
RN1125819,0,4950,1,Large,No,125,360,Male,Graduate,No,0,Y
RN1125820,1,3596,,Large,No,100,240,Male,Not Graduate,No,0,Y
RN1125821,0,3510,0,Large,No,76,360,Female,Graduate,No,0,N
RN1125822,0,4887,1,Small,No,133,360,Male,Not Graduate,Yes,0,N
RN1125823,0,2600,1,Large,,115,,Male,Graduate,Yes,3500,Y
RN1125824,0,7660,0,Large,No,104,360,Male,Not Graduate,Yes,0,N
RN1125825,1,5955,1,Large,No,315,360,Male,Graduate,Yes,5625,Y
RN1125826,0,2600,0,Medium,No,116,360,Male,Not Graduate,Yes,1911,N
RN1125827,2,3365,0,Small,No,112,360,,Not Graduate,Yes,1917,N
RN1125828,1,3717,,Medium,,151,360,Male,Graduate,Yes,2925,N
RN1125829,0,9560,1,Medium,Yes,191,360,Male,Graduate,Yes,0,Y
RN1125830,0,2799,1,Medium,No,122,360,Male,Graduate,Yes,2253,Y
RN1125831,2,4226,1,Large,No,110,360,Male,Not Graduate,Yes,1040,Y
RN1125832,0,1442,1,Large,No,35,360,Male,Not Graduate,No,0,N
RN1125833,2,3750,1,Medium,,120,360,Female,Graduate,No,2083,Y
RN1125834,1,4166,,Large,,201,360,Male,Graduate,Yes,3369,N
RN1125835,0,3167,1,Large,No,74,360,Male,Graduate,No,0,N
RN1125836,1,4692,1,Small,Yes,106,360,Male,Graduate,No,0,N
RN1125837,0,3500,1,Medium,No,114,360,Male,Graduate,Yes,1667,Y
RN1125838,3+,12500,1,Small,No,320,360,Male,Graduate,No,3000,N
RN1125839,0,2275,1,Large,No,,360,Male,Graduate,Yes,2067,Y
RN1125840,0,1828,0,Large,No,100,,Male,Graduate,Yes,1330,N
RN1125841,0,3667,1,Medium,No,144,360,Female,Graduate,Yes,1459,Y
RN1125842,0,4166,1,Large,No,184,360,Male,Graduate,No,7210,Y
RN1125843,0,3748,1,Medium,No,110,360,Male,Not Graduate,No,1668,Y
RN1125844,0,3600,1,Large,No,80,360,Male,Graduate,No,0,N
RN1125845,0,1800,1,Large,No,47,360,Male,Graduate,No,1213,Y
RN1125846,0,2400,,Large,No,75,360,Male,Graduate,Yes,0,Y
RN1125847,0,3941,1,Medium,No,134,360,Male,Graduate,Yes,2336,Y
RN1125848,0,4695,1,Large,Yes,96,,Male,Not Graduate,Yes,0,Y
RN1125849,0,3410,1,Large,No,88,,Female,Graduate,No,0,Y
RN1125850,1,5649,1,Large,No,44,360,Male,Graduate,Yes,0,Y
RN1125851,0,5821,1,Large,No,144,360,Male,Graduate,Yes,0,Y
RN1125852,0,2645,0,Large,No,120,360,Female,Graduate,Yes,3440,N
RN1125853,0,4000,1,Medium,No,144,360,Female,Graduate,No,2275,Y
RN1125854,0,1928,1,Medium,No,100,360,Female,Not Graduate,Yes,1644,Y
RN1125855,0,3086,1,Medium,No,120,360,Female,Graduate,No,0,Y
RN1125856,0,4230,1,Medium,No,112,360,Female,Graduate,No,0,N
RN1125857,2,4616,1,Large,No,134,360,Male,Graduate,Yes,0,N
RN1125858,1,11500,0,Large,Yes,286,360,Female,Graduate,Yes,0,N
RN1125859,2,2708,1,Medium,No,97,360,Male,Graduate,Yes,1167,Y
RN1125860,0,2132,1,Medium,No,96,360,Male,Graduate,Yes,1591,Y
RN1125861,0,3366,1,Small,No,135,360,Male,Graduate,Yes,2200,N
RN1125862,1,8080,1,Large,No,180,360,Male,Graduate,Yes,2250,Y
RN1125863,2,3357,1,Large,No,144,360,Male,Not Graduate,Yes,2859,Y
RN1125864,0,2500,1,Large,No,120,360,Male,Graduate,Yes,3796,Y
RN1125865,3+,3029,1,Large,No,99,360,Male,Graduate,Yes,0,Y
RN1125866,0,2609,0,Small,Yes,165,180,Male,Not Graduate,Yes,3449,N
RN1125867,1,4945,0,Small,No,,360,Male,Graduate,Yes,0,N
RN1125868,0,4166,0,Medium,No,116,360,Female,Graduate,No,0,N
RN1125869,0,5726,1,Medium,No,258,360,Male,Graduate,Yes,4595,N
RN1125870,0,3200,0,Large,No,126,180,Male,Not Graduate,No,2254,N
RN1125871,1,10750,1,Large,No,312,360,Male,Graduate,Yes,0,Y
RN1125872,3+,7100,1,Large,Yes,125,60,Male,Not Graduate,Yes,0,Y
RN1125873,0,4300,0,Medium,No,136,360,Female,Graduate,No,0,N
RN1125874,0,3208,1,Large,No,172,360,Male,Graduate,Yes,3066,Y
RN1125875,2,1875,1,Medium,Yes,97,360,Male,Not Graduate,Yes,1875,Y
RN1125876,0,3500,1,Medium,No,81,300,Male,Graduate,No,0,Y
RN1125877,3+,4755,0,Medium,No,95,,Male,Not Graduate,Yes,0,N
RN1125878,3+,5266,1,Medium,Yes,187,360,Male,Graduate,Yes,1774,Y
RN1125879,0,3750,1,Large,No,113,480,Male,Graduate,No,0,N
RN1125880,0,3750,1,Large,No,176,360,Male,Graduate,No,4750,N
RN1125881,1,1000,1,Large,Yes,110,360,Male,Graduate,Yes,3022,N
RN1125882,3+,3167,0,Medium,No,180,300,Male,Graduate,Yes,4000,N
RN1125883,3+,3333,,Medium,Yes,130,360,Male,Not Graduate,Yes,2166,Y
RN1125884,0,3846,1,Medium,No,111,360,Female,Graduate,No,0,Y
RN1125885,1,2395,1,Medium,Yes,,360,Male,Graduate,Yes,0,Y
RN1125886,2,1378,1,Large,No,167,360,Female,Graduate,Yes,1881,N
RN1125887,0,6000,,Medium,No,265,360,Male,Graduate,Yes,2250,N
RN1125888,1,3988,1,Large,No,50,240,Male,Graduate,Yes,0,Y
RN1125889,0,2366,1,Medium,No,136,360,Male,Graduate,No,2531,Y
RN1125890,2,3333,,Medium,No,99,360,Male,Not Graduate,Yes,2000,Y
RN1125891,0,2500,1,Medium,No,104,360,Male,Graduate,Yes,2118,Y
RN1125892,0,8566,1,Large,No,210,360,Male,Graduate,No,0,Y
RN1125893,0,5695,1,Medium,No,175,360,Male,Graduate,Yes,4167,Y
RN1125894,0,2958,1,Medium,No,131,360,Male,Graduate,Yes,2900,Y
RN1125895,2,6250,1,Medium,No,188,180,Male,Graduate,Yes,5654,Y
RN1125896,2,3273,1,Large,No,81,360,Male,Not Graduate,Yes,1820,Y
RN1125897,0,4133,1,Medium,No,122,360,Male,Graduate,No,0,Y
RN1125898,0,3620,1,Medium,No,25,120,Male,Not Graduate,No,0,Y
RN1125899,0,6782,,Large,,,360,Male,Graduate,No,0,N
RN1125900,0,2484,1,Medium,No,137,360,Female,Graduate,Yes,2302,Y
RN1125901,0,1977,1,Medium,No,50,360,Male,Graduate,Yes,997,Y
RN1125902,0,4188,1,Medium,No,115,180,Male,Not Graduate,Yes,0,Y
RN1125903,0,1759,1,Medium,No,131,360,Male,Graduate,Yes,3541,Y
RN1125904,2,4288,1,Large,No,133,180,Male,Not Graduate,Yes,3263,Y
RN1125905,0,4843,1,Medium,No,151,360,Male,Graduate,No,3806,Y
RN1125906,,13650,1,Large,No,,360,Male,Graduate,Yes,0,Y
RN1125907,0,4652,1,Medium,No,,360,Male,Graduate,Yes,3583,Y
RN1125908,,3816,1,Large,No,160,360,Male,Graduate,,754,Y
RN1125909,1,3052,1,Large,No,100,360,Male,Graduate,Yes,1030,Y
RN1125910,2,11417,1,Large,No,225,360,Male,Graduate,Yes,1126,Y
RN1125911,0,7333,1,Small,,120,360,Male,Not Graduate,No,0,N
RN1125912,2,3800,0,Large,No,216,360,Male,Graduate,Yes,3600,N
RN1125913,3+,2071,1,Medium,No,94,480,Male,Not Graduate,Yes,754,Y
RN1125914,0,5316,1,Large,No,136,360,Male,Graduate,No,0,Y
RN1125915,0,2929,1,Medium,,139,360,Female,Graduate,Yes,2333,Y
RN1125916,0,3572,0,Small,No,152,,Male,Not Graduate,Yes,4114,N
RN1125917,1,7451,1,Medium,Yes,,360,Female,Graduate,No,0,Y
RN1125918,0,5050,1,Medium,,118,360,Male,Graduate,No,0,Y
RN1125919,1,14583,1,Small,No,185,180,Male,Graduate,Yes,0,Y
RN1125920,0,3167,1,Medium,No,154,360,Female,Graduate,Yes,2283,Y
RN1125921,1,2214,,Large,No,85,360,Male,Graduate,Yes,1398,Y
RN1125922,0,5568,1,Small,No,175,360,Male,Graduate,Yes,2142,N
RN1125923,0,10408,1,Large,No,259,360,Female,Graduate,No,0,Y
RN1125924,,5667,1,Small,No,180,360,Male,Graduate,Yes,2667,Y
RN1125925,0,4166,1,Medium,No,44,360,Female,Graduate,No,0,Y
RN1125926,0,2137,0,Medium,No,137,360,Female,Graduate,No,8980,Y
RN1125927,2,2957,1,Medium,No,81,360,Male,Graduate,Yes,0,Y
RN1125928,0,4300,1,Small,No,194,360,Male,Not Graduate,Yes,2014,Y
RN1125929,0,3692,,Small,No,93,360,Female,Graduate,No,0,Y
RN1125930,3+,23803,1,Small,No,370,360,,Graduate,Yes,0,Y
RN1125931,0,3865,1,Small,No,,360,Male,Graduate,No,1640,Y
RN1125932,1,10513,0,Large,Yes,160,180,Male,Graduate,Yes,3850,N
RN1125933,0,6080,,Small,No,182,360,Male,Graduate,Yes,2569,N
RN1125934,0,20166,,Large,Yes,650,480,Male,Graduate,No,0,Y
RN1125935,0,2014,1,Large,No,74,360,Male,Graduate,No,1929,Y
RN1125936,0,2718,1,Medium,No,70,360,Male,Graduate,No,0,Y
RN1125937,0,3459,1,Medium,Yes,25,120,Male,Graduate,Yes,0,Y
RN1125938,0,4895,1,Medium,No,102,360,Male,Graduate,No,0,Y
RN1125939,3+,4000,1,Medium,No,290,360,Male,Graduate,Yes,7750,N
RN1125940,0,4583,1,Small,No,84,360,Female,Graduate,Yes,0,N
RN1125941,2,3316,1,Large,Yes,88,360,Male,Graduate,Yes,3500,Y
RN1125942,0,14999,0,Medium,No,242,360,Male,Graduate,No,0,N
RN1125943,2,4200,1,Small,No,129,360,Male,Not Graduate,Yes,1430,N
RN1125944,2,5042,1,Small,No,185,360,Male,Graduate,Yes,2083,N
RN1125945,0,5417,1,Large,No,168,360,Male,Graduate,No,0,Y
RN1125946,0,6950,1,Medium,Yes,175,180,Male,Graduate,No,0,Y
RN1125947,0,2698,1,Medium,No,122,360,Male,Graduate,Yes,2034,Y
RN1125948,2,11757,1,Large,No,187,180,Male,Graduate,Yes,0,Y
RN1125949,0,2330,1,Medium,No,100,360,Female,Graduate,Yes,4486,Y
RN1125950,2,14866,1,Large,No,70,360,Female,Graduate,Yes,0,Y
RN1125951,1,1538,1,Large,No,30,360,Male,Graduate,Yes,1425,Y
RN1125952,0,10000,1,Small,No,225,360,Female,Graduate,No,1666,N
RN1125953,0,4860,1,Medium,No,125,360,Male,Graduate,Yes,830,Y
RN1125954,0,6277,0,Small,No,118,360,Male,Graduate,No,0,N
RN1125955,0,2577,1,Small,Yes,152,360,Male,Graduate,Yes,3750,Y
RN1125956,0,9166,1,Large,No,244,360,Male,Graduate,No,0,N
RN1125957,2,2281,1,Small,No,113,360,Male,Not Graduate,Yes,0,N
RN1125958,0,3254,1,Large,No,50,360,Male,Graduate,No,0,Y
RN1125959,3+,39999,0,Medium,No,600,180,Male,Graduate,Yes,0,Y
RN1125960,1,6000,,Small,No,160,360,Male,Graduate,Yes,0,Y
RN1125961,1,9538,1,Large,No,187,360,Male,Graduate,Yes,0,Y
RN1125962,0,2980,1,Small,,120,360,Male,Graduate,No,2083,Y
RN1125963,0,4583,1,Medium,No,255,360,Male,Graduate,Yes,5625,Y
RN1125964,0,1863,1,Medium,No,98,360,Male,Not Graduate,Yes,1041,Y
RN1125965,0,7933,1,Large,No,275,360,Male,Graduate,Yes,0,N
RN1125966,1,3089,0,Medium,No,121,360,Male,Graduate,Yes,1280,N
RN1125967,2,4167,1,Small,No,158,360,Male,Graduate,Yes,1447,Y
RN1125968,0,9323,1,Large,No,75,180,Male,Graduate,Yes,0,Y
RN1125969,0,3707,1,Small,No,182,,Male,Graduate,Yes,3166,Y
RN1125970,0,4583,1,Small,No,112,360,Female,Graduate,Yes,0,N
RN1125971,0,2439,1,Small,No,129,360,Male,Graduate,Yes,3333,Y
RN1125972,0,2237,0,Medium,No,63,480,Male,Graduate,No,0,N
RN1125973,2,8000,1,Medium,No,200,360,Male,Graduate,Yes,0,Y
RN1125974,0,1820,1,Small,,95,360,Male,Not Graduate,Yes,1769,Y
RN1125975,3+,51763,1,Large,No,700,300,,Graduate,Yes,0,Y
RN1125976,3+,3522,1,Small,No,81,180,Male,Not Graduate,Yes,0,N
RN1125977,0,5708,1,Medium,No,187,360,Male,Graduate,Yes,5625,Y
RN1125978,0,4344,1,Medium,Yes,87,360,Male,Not Graduate,Yes,736,N
RN1125979,0,3497,1,Small,No,116,360,Male,Graduate,Yes,1964,Y
RN1125980,2,2045,1,Small,No,101,360,Male,Graduate,Yes,1619,Y
RN1125981,3+,5516,0,Medium,No,495,360,Male,Graduate,Yes,11300,N
RN1125982,1,3750,1,Medium,No,116,360,Male,Graduate,Yes,0,Y
RN1125983,0,2333,0,Large,No,102,480,Male,Not Graduate,No,1451,N
RN1125984,1,6400,0,Large,No,180,360,Male,Graduate,Yes,7250,N
RN1125985,0,1916,,Small,No,67,360,Male,Graduate,No,5063,N
RN1125986,0,4600,1,Medium,No,73,180,Male,Graduate,Yes,0,Y
RN1125987,1,33846,1,Medium,No,260,360,Male,Graduate,Yes,0,N
RN1125988,0,3625,1,Medium,No,108,360,Female,Graduate,Yes,0,Y
RN1125989,0,39147,1,Medium,Yes,120,360,Male,Graduate,Yes,4750,Y
RN1125990,1,2178,0,Small,Yes,66,300,Male,Graduate,Yes,0,N
RN1125991,0,2383,,Small,No,58,360,Male,Graduate,Yes,2138,Y
RN1125992,0,674,1,Small,Yes,168,360,,Graduate,Yes,5296,Y
RN1125993,0,9328,1,Small,No,188,180,Male,Graduate,Yes,0,Y
RN1125994,0,4885,1,Small,No,48,360,Male,Not Graduate,No,0,Y
RN1125995,0,12000,1,Medium,No,164,360,Male,Graduate,No,0,N
RN1125996,0,6033,1,Large,No,160,360,Male,Not Graduate,Yes,0,N
RN1125997,0,3858,1,Medium,No,76,360,Male,Graduate,No,0,Y
RN1125998,0,4191,1,Small,No,120,360,Male,Graduate,No,0,Y
RN1125999,1,3125,1,Medium,No,170,360,Male,Graduate,Yes,2583,N
RN1126000,0,8333,1,Small,No,187,360,Male,Graduate,No,3750,Y
RN1126001,0,1907,1,Large,No,120,,Female,Not Graduate,No,2365,Y
RN1126002,0,3416,,Medium,No,113,360,Female,Graduate,Yes,2816,Y
RN1126003,0,11000,1,Large,Yes,83,360,Male,Graduate,No,0,N
RN1126004,1,2600,1,Medium,No,90,360,Male,Not Graduate,Yes,2500,Y
RN1126005,2,4923,0,Medium,No,166,360,Male,Graduate,No,0,Y
RN1126006,3+,3992,1,Large,No,,180,Male,Not Graduate,Yes,0,N
RN1126007,1,3500,1,Large,No,135,360,Male,Not Graduate,Yes,1083,Y
RN1126008,2,3917,1,Medium,No,124,360,Male,Not Graduate,Yes,0,Y
RN1126009,0,4408,1,Medium,No,120,360,Female,Not Graduate,No,0,Y
RN1126010,0,3244,1,Large,No,80,360,Female,Graduate,No,0,Y
RN1126011,0,3975,1,Small,No,55,360,Male,Not Graduate,No,2531,Y
RN1126012,0,2479,1,Large,No,59,360,Male,Graduate,No,0,Y
RN1126013,0,3418,1,Medium,No,127,360,Male,Graduate,No,0,N
RN1126014,0,10000,1,Medium,No,214,360,Female,Graduate,No,0,N
RN1126015,3+,3430,0,Medium,No,128,360,Male,Graduate,Yes,1250,N
RN1126016,1,7787,1,Large,Yes,240,360,Male,Graduate,Yes,0,Y
RN1126017,3+,5703,1,Small,Yes,130,360,Male,Not Graduate,Yes,0,Y
RN1126018,0,3173,1,Large,No,137,360,Male,Graduate,Yes,3021,Y
RN1126019,3+,3850,1,Medium,No,100,360,Male,Not Graduate,Yes,983,Y
RN1126020,0,150,1,Small,No,135,360,Male,Graduate,Yes,1800,N
RN1126021,0,3727,1,Medium,No,131,360,Male,Graduate,Yes,1775,Y
RN1126022,2,5000,0,Medium,,72,360,Male,Graduate,Yes,0,N
RN1126023,2,4283,,Medium,No,127,360,Female,Graduate,Yes,2383,Y
RN1126024,0,2221,0,Large,No,60,360,Male,Graduate,Yes,0,N
RN1126025,2,4009,1,Medium,No,116,360,Male,Graduate,Yes,1717,Y
RN1126026,0,2971,1,Medium,No,144,360,Male,Graduate,No,2791,Y
RN1126027,0,7578,1,Medium,No,175,,Male,Graduate,Yes,1010,Y
RN1126028,0,6250,1,Medium,No,128,360,Male,Graduate,Yes,0,Y
RN1126029,0,3250,1,Small,No,170,360,Male,Graduate,Yes,0,N
RN1126030,,4735,1,Large,Yes,138,360,Male,Not Graduate,Yes,0,N
RN1126031,2,6250,1,Medium,No,210,360,Male,Graduate,Yes,1695,Y
RN1126032,,4758,1,Medium,No,158,480,Male,Graduate,,0,Y
RN1126033,0,6400,1,Small,Yes,200,360,Male,Graduate,No,0,Y
RN1126034,1,2491,1,Medium,No,104,360,Male,Graduate,Yes,2054,Y
RN1126035,0,3716,1,Small,,42,180,Male,Graduate,Yes,0,Y
RN1126036,0,3189,1,Small,No,120,,Male,Not Graduate,No,2598,Y
RN1126037,0,8333,1,Medium,No,280,360,Female,Graduate,No,0,Y
RN1126038,1,3155,1,Medium,No,140,360,Male,Graduate,Yes,1779,Y
RN1126039,1,5500,1,Small,No,170,360,Male,Graduate,Yes,1260,Y
RN1126040,0,5746,,Large,,255,360,Male,Graduate,Yes,0,N
RN1126041,0,3463,,Large,Yes,122,360,Female,Graduate,No,0,Y
RN1126042,1,3812,1,Small,No,112,360,Female,Graduate,No,0,Y
RN1126043,1,3315,1,Medium,No,96,360,Male,Graduate,Yes,0,Y
RN1126044,2,5819,1,Small,No,120,360,Male,Graduate,Yes,5000,Y
RN1126045,1,2510,1,Large,No,140,180,Male,Not Graduate,Yes,1983,N
RN1126046,0,2965,1,Large,No,155,60,Male,Graduate,No,5701,Y
RN1126047,2,6250,1,Small,Yes,108,360,Male,Graduate,Yes,1300,Y
RN1126048,0,3406,1,Medium,No,123,360,Male,Not Graduate,Yes,4417,Y
RN1126049,0,6050,1,Large,Yes,120,180,Male,Graduate,No,4333,N
RN1126050,2,9703,1,Large,No,112,360,Male,Graduate,Yes,0,Y
RN1126051,1,6608,1,Large,No,137,180,Male,Not Graduate,Yes,0,Y
RN1126052,1,2882,1,Medium,No,123,480,Male,Graduate,Yes,1843,Y
RN1126053,0,1809,1,Large,No,90,360,Male,Graduate,Yes,1868,Y
RN1126054,0,1668,0,Medium,No,201,360,Male,Not Graduate,Yes,3890,N
RN1126055,2,3427,1,Large,No,138,360,Female,Graduate,No,0,N
RN1126056,0,2583,1,Small,Yes,104,360,Male,Not Graduate,No,2167,Y
RN1126057,1,2661,1,Medium,No,279,180,Male,Not Graduate,Yes,7101,Y
RN1126058,0,16250,0,Large,Yes,192,360,Male,Graduate,No,0,N
RN1126059,3+,3083,1,Small,No,255,360,Female,Graduate,No,0,Y
RN1126060,0,6045,0,Small,No,115,360,Male,Not Graduate,No,0,N
RN1126061,3+,5250,1,Large,No,94,360,Male,Graduate,Yes,0,N
RN1126062,0,14683,1,Small,No,304,360,Male,Graduate,Yes,2100,N
RN1126063,3+,4931,,Medium,No,128,360,Male,Not Graduate,Yes,0,N
RN1126064,1,6083,,Large,No,330,360,Male,Graduate,Yes,4250,Y
RN1126065,0,2060,1,Medium,No,134,360,Male,Graduate,No,2209,Y
RN1126066,1,3481,1,Medium,No,155,36,Female,Graduate,No,0,N
RN1126067,0,7200,1,Small,No,120,360,Female,Graduate,No,0,Y
RN1126068,0,5166,1,Medium,Yes,128,360,Male,Graduate,No,0,Y
RN1126069,0,4095,1,Small,No,151,360,Male,Graduate,No,3447,Y
RN1126070,2,4708,1,Medium,No,150,360,Male,Graduate,Yes,1387,Y
RN1126071,3+,4333,0,Large,No,160,360,Male,Graduate,Yes,1811,Y
RN1126072,0,3418,1,Small,,135,360,Female,Graduate,No,0,N
RN1126073,1,2876,1,Large,No,90,360,Female,Graduate,No,1560,Y
RN1126074,0,3237,1,Large,No,30,360,Female,Graduate,No,0,Y
RN1126075,0,11146,1,Large,No,136,360,Male,Graduate,Yes,0,Y
RN1126076,0,2833,1,Small,No,126,360,Male,Graduate,No,1857,Y
RN1126077,0,2620,1,Medium,No,150,360,Male,Graduate,Yes,2223,Y
RN1126078,2,3900,1,Medium,No,90,360,Male,Graduate,Yes,0,Y
RN1126079,1,2750,1,Medium,No,115,360,Male,Graduate,Yes,1842,Y
RN1126080,0,3993,1,Medium,No,207,360,Male,Graduate,Yes,3274,Y
RN1126081,0,3103,1,Large,No,80,360,Male,Graduate,Yes,1300,Y
RN1126082,0,14583,1,Medium,No,436,360,Male,Graduate,Yes,0,Y
RN1126083,0,4100,,Small,No,124,360,Female,Not Graduate,Yes,0,Y
RN1126084,1,4053,0,Large,Yes,158,360,Male,Not Graduate,No,2426,N
RN1126085,0,3927,1,Medium,No,112,360,Male,Graduate,Yes,800,Y
RN1126086,2,2301,1,Large,No,78,180,Male,Graduate,Yes,985.7999878,Y
RN1126087,0,1811,1,Large,No,54,360,Female,Graduate,No,1666,Y
RN1126088,0,20667,1,Small,No,,360,Male,Graduate,Yes,0,N
RN1126089,0,3158,1,Small,No,89,360,Male,Graduate,No,3053,Y
RN1126090,0,2600,1,Medium,Yes,99,300,Female,Graduate,No,1717,N
RN1126091,0,3704,1,Small,No,120,360,Male,Graduate,Yes,2000,Y
RN1126092,0,4124,1,Medium,No,115,360,Female,Graduate,No,0,Y
RN1126093,0,9508,1,Small,No,187,360,Male,Graduate,No,0,Y
RN1126094,0,3075,1,Small,No,139,360,Male,Graduate,Yes,2416,Y
RN1126095,2,4400,0,Medium,No,127,360,Male,Graduate,Yes,0,N
RN1126096,2,3153,1,Large,No,134,360,Male,Graduate,Yes,1560,Y
RN1126097,,5417,0,Large,No,143,480,Female,Graduate,No,0,N
RN1126098,0,2383,1,Medium,No,172,360,Male,Graduate,Yes,3334,Y
RN1126099,3+,4416,1,Large,,110,360,Male,Graduate,Yes,1250,Y
RN1126100,1,6875,1,Medium,No,200,360,Male,Graduate,Yes,0,Y
RN1126101,1,4666,1,Large,No,135,360,Female,Graduate,Yes,0,Y
RN1126102,0,5000,1,Small,No,151,480,Female,Graduate,No,2541,N
RN1126103,0,4625,,Large,No,111,12,Male,Graduate,Yes,2857,Y
RN1126104,1,2895,1,Medium,Yes,95,360,Male,Graduate,Yes,0,Y
RN1126105,0,6283,0,Small,No,209,360,Male,Graduate,No,4416,N
RN1126106,0,645,1,Small,No,113,480,Female,Graduate,No,3683,Y
RN1126107,0,3159,1,Medium,No,100,360,Female,Graduate,No,0,Y
RN1126108,2,4865,1,Medium,No,208,360,Male,Graduate,Yes,5624,Y
RN1126109,1,4050,,Small,No,138,360,Male,Not Graduate,Yes,5302,N
RN1126110,0,3814,1,Medium,No,124,300,Male,Not Graduate,Yes,1483,Y
RN1126111,2,3510,1,Small,No,243,360,Male,Graduate,Yes,4416,Y
RN1126112,0,20833,,Large,No,480,360,Male,Graduate,Yes,6667,Y
RN1126113,0,3583,1,Large,No,96,360,,Graduate,No,0,N
RN1126114,0,2479,1,Large,Yes,188,360,Male,Graduate,Yes,3013,Y
RN1126115,1,13262,1,Large,No,40,360,Female,Graduate,No,0,Y
RN1126116,0,3598,1,Small,No,100,360,Male,Not Graduate,No,1287,N
RN1126117,1,6065,1,Medium,No,250,360,Male,Graduate,Yes,2004,Y
RN1126118,2,3283,1,Large,No,148,360,Male,Graduate,Yes,2035,Y
RN1126119,0,2130,1,Medium,No,70,180,Male,Graduate,Yes,6666,N
RN1126120,0,5815,1,Small,No,311,360,Male,Graduate,No,3666,N
RN1126121,3+,3466,1,Small,No,150,360,Male,Graduate,Yes,3428,Y
RN1126122,2,2031,1,Medium,No,113,480,Female,Graduate,Yes,1632,Y
RN1126123,,3074,0,Medium,No,123,360,Male,Not Graduate,Yes,1800,N
RN1126124,0,4683,1,Medium,No,185,360,Male,Graduate,No,1915,N
RN1126125,0,3400,1,Small,No,95,360,Female,Not Graduate,No,0,N
RN1126126,2,2192,1,Medium,No,45,360,Male,Not Graduate,Yes,1742,Y
RN1126127,0,2500,1,Medium,No,55,360,Male,Graduate,No,0,Y
RN1126128,3+,5677,1,Small,Yes,100,360,Male,Graduate,Yes,1424,Y
RN1126129,2,7948,1,Small,Yes,480,360,Male,Graduate,Yes,7166,Y
RN1126130,0,4680,1,Medium,No,,360,Male,Graduate,No,2087,N
RN1126131,2,17500,1,Small,Yes,400,360,Male,Graduate,Yes,0,Y
RN1126132,0,3775,1,Medium,No,110,360,Male,Graduate,Yes,0,Y
RN1126133,1,5285,0,Medium,No,161,360,Male,Not Graduate,Yes,1430,Y
RN1126134,1,2679,1,Medium,No,94,360,Male,Not Graduate,No,1302,Y
RN1126135,0,6783,1,Medium,No,130,360,Male,Not Graduate,No,0,Y
RN1126136,0,1025,,Small,No,216,360,Male,Graduate,Yes,5500,Y
RN1126137,3+,4281,1,Large,No,100,360,Male,Graduate,Yes,0,Y
RN1126138,2,3588,0,Small,No,110,360,Male,Graduate,No,0,N
RN1126139,1,11250,,Medium,No,196,360,Male,Graduate,No,0,N
RN1126140,0,18165,1,Large,Yes,125,360,Female,Not Graduate,No,0,Y
RN1126141,0,2550,1,Small,,126,360,Male,Not Graduate,No,2042,Y
RN1126142,0,6133,1,Large,No,324,360,Male,Graduate,Yes,3906,Y
RN1126143,2,3617,1,Medium,No,107,360,Male,Graduate,No,0,Y
RN1126144,0,2917,1,Small,No,66,360,Male,Not Graduate,Yes,536,N
RN1126145,3+,6417,1,Small,No,157,180,Male,Graduate,Yes,0,Y
RN1126146,1,4608,1,Medium,No,140,180,Female,Graduate,Yes,2845,Y
RN1126147,0,2138,0,Medium,No,99,360,Female,Graduate,No,0,N
RN1126148,1,3652,1,Medium,,95,360,Female,Graduate,No,0,Y
RN1126149,1,2239,1,Large,No,128,360,Male,Not Graduate,Yes,2524,Y
RN1126150,0,3017,,Medium,No,102,360,Female,Not Graduate,Yes,663,Y
RN1126151,0,2768,1,Small,No,155,360,Male,Graduate,Yes,1950,Y
RN1126152,0,3358,1,Medium,No,80,36,Male,Not Graduate,No,0,N
RN1126153,0,2526,1,Small,No,145,360,Male,Graduate,No,1783,Y
RN1126154,0,5000,0,Medium,No,103,360,Female,Graduate,No,0,N
RN1126155,0,2785,1,Small,No,110,360,Male,Graduate,Yes,2016,Y
RN1126156,2,6633,0,Small,Yes,,360,Male,Graduate,Yes,0,N
RN1126157,1,2492,1,Small,No,,360,Male,Not Graduate,Yes,2375,Y
RN1126158,1,3333,1,Large,No,158,360,Male,Graduate,Yes,3250,Y
RN1126159,0,2454,0,Large,No,181,360,Male,Not Graduate,Yes,2333,N
RN1126160,0,3593,0,Small,No,132,180,Male,Graduate,Yes,4266,N
RN1126161,1,5468,1,Medium,No,26,360,Male,Graduate,Yes,1032,Y
RN1126162,0,2667,,Large,No,84,360,Female,Graduate,No,1625,Y
RN1126163,3+,10139,1,Medium,Yes,260,360,Male,Graduate,Yes,0,Y
RN1126164,0,3887,1,Medium,No,162,360,Male,Graduate,Yes,2669,Y
RN1126165,0,4180,1,Medium,No,182,360,Female,Graduate,Yes,2306,Y
RN1126166,2,3675,1,Medium,No,108,360,Male,Not Graduate,Yes,242,Y
RN1126167,1,19484,1,Medium,Yes,600,360,Female,Graduate,Yes,0,Y
RN1126168,0,5923,1,Small,No,211,360,Male,Graduate,Yes,2054,Y
RN1126169,0,5800,1,Medium,Yes,132,360,Male,Not Graduate,No,0,Y
RN1126170,2,8799,0,Large,No,258,360,Male,Graduate,Yes,0,N
RN1126171,0,4467,,Small,No,120,360,Male,Not Graduate,Yes,0,Y
RN1126172,0,3333,1,Large,No,70,360,Male,Graduate,No,0,Y
RN1126173,3+,3400,0,Small,No,123,360,Male,Graduate,Yes,2500,N
RN1126174,0,2378,1,Large,No,9,360,Female,Graduate,No,0,N
RN1126175,0,3166,0,Large,No,104,360,Male,Graduate,Yes,2064,N
RN1126176,1,3417,1,Large,No,186,360,Male,Graduate,Yes,1750,Y
RN1126177,,5116,0,Large,No,165,360,Male,Graduate,Yes,1451,N
RN1126178,2,16666,1,Large,No,275,360,Male,Graduate,Yes,0,Y
RN1126179,2,6125,1,Medium,No,187,480,Male,Not Graduate,Yes,1625,N
RN1126180,3+,6406,1,Medium,No,150,360,Male,Graduate,Yes,0,N
RN1126181,2,3159,1,Large,No,108,84,Male,Graduate,Yes,461,Y
RN1126182,0,3087,0,Medium,No,136,360,,Graduate,Yes,2210,N
RN1126183,0,3229,1,Large,No,110,360,Male,Graduate,No,2739,Y
RN1126184,1,1782,1,Small,No,107,360,Male,Graduate,Yes,2232,Y
RN1126185,0,3182,1,Large,,161,360,Male,Graduate,No,2917,Y
RN1126186,2,6540,1,Medium,No,205,360,Male,Graduate,Yes,0,Y
RN1126187,0,1836,1,Large,No,90,360,Male,Graduate,No,33837,N
RN1126188,0,3166,1,Medium,No,36,360,Female,Graduate,Yes,0,Y
RN1126189,1,1880,,Small,No,61,360,Male,Graduate,Yes,0,N
RN1126190,1,2787,0,Small,No,146,360,Male,Graduate,Yes,1917,N
RN1126191,1,4283,1,Small,No,172,84,Male,Graduate,Yes,3000,N
RN1126192,0,2297,1,Large,No,104,360,Male,Graduate,Yes,1522,Y
RN1126193,0,2165,1,Medium,No,70,360,Female,Not Graduate,No,0,Y
RN1126194,0,4750,1,Medium,No,94,360,,Graduate,No,0,Y
RN1126195,2,2726,0,Medium,Yes,106,360,Male,Graduate,Yes,0,N
RN1126196,0,3000,1,Medium,No,56,180,Male,Graduate,Yes,3416,Y
RN1126197,2,6000,1,Medium,Yes,205,240,Male,Graduate,Yes,0,N
RN1126198,3+,9357,1,Medium,Yes,292,360,,Graduate,No,0,Y
RN1126199,0,3859,1,Small,No,142,180,Male,Graduate,Yes,3300,Y
RN1126200,0,16120,1,Large,Yes,260,360,Male,Graduate,Yes,0,Y
RN1126201,0,3833,1,Small,No,110,360,Male,Not Graduate,No,0,Y
RN1126202,2,6383,1,Small,Yes,187,360,Male,Not Graduate,Yes,1000,N
RN1126203,,2987,0,Medium,No,88,360,Male,Graduate,No,0,N
RN1126204,0,9963,1,Small,Yes,180,360,Male,Graduate,Yes,0,Y
RN1126205,2,5780,1,Large,No,192,360,Male,Graduate,Yes,0,Y
RN1126206,3+,416,,Large,,350,180,Female,Graduate,No,41667,N
RN1126207,0,2894,1,Small,,155,360,Male,Not Graduate,Yes,2792,Y
RN1126208,3+,5703,1,Large,No,128,360,Male,Graduate,Yes,0,Y
RN1126209,0,3676,1,Small,No,172,360,Male,Graduate,No,4301,Y
RN1126210,1,12000,1,Medium,No,496,360,Female,Graduate,Yes,0,Y
RN1126211,0,2400,1,Large,No,,180,Male,Not Graduate,Yes,3800,N
RN1126212,1,3400,1,Medium,No,173,360,Male,Graduate,Yes,2500,Y
RN1126213,2,3987,1,Small,No,157,360,Male,Not Graduate,Yes,1411,Y
RN1126214,0,3232,1,Small,No,108,360,Male,Graduate,Yes,1950,Y
RN1126215,0,2900,1,Small,No,71,360,Female,Graduate,No,0,Y
RN1126216,3+,4106,1,Small,No,40,180,Male,Graduate,Yes,0,Y
RN1126217,1,8072,1,Large,No,253,360,Male,Graduate,Yes,240,Y
RN1126218,2,7583,1,Large,No,187,360,Male,Graduate,Yes,0,Y
RN1126219,0,4583,0,Medium,Yes,133,360,Female,Graduate,No,0,N
RN1126220,0,5849,1,Large,No,,360,Male,Graduate,No,0,Y
RN1126221,1,4583,1,Small,No,128,360,Male,Graduate,Yes,1508,N
RN1126222,0,3000,1,Large,Yes,66,360,Male,Graduate,Yes,0,Y
RN1126223,0,2583,1,Large,No,120,360,Male,Not Graduate,Yes,2358,Y
RN1126224,0,6000,1,Large,No,141,360,Male,Graduate,No,0,Y
RN1126225,2,5417,1,Large,Yes,267,360,Male,Graduate,Yes,4196,Y
RN1126226,0,2333,1,Large,No,95,360,Male,Not Graduate,Yes,1516,Y
RN1126227,3+,3036,0,Medium,No,158,360,Male,Graduate,Yes,2504,N
RN1126228,2,4006,1,Large,No,168,360,Male,Graduate,Yes,1526,Y
RN1126229,1,12841,1,Medium,No,349,360,Male,Graduate,Yes,10968,N
RN1126230,2,3200,1,Large,No,70,360,Male,Graduate,Yes,700,Y
RN1126231,2,2500,1,Large,,109,360,Male,Graduate,Yes,1840,Y
RN1126232,2,3073,1,Large,No,200,360,Male,Graduate,Yes,8106,Y
RN1126233,0,1853,1,Small,No,114,360,Male,Graduate,No,2840,N
RN1126234,2,1299,1,Large,No,17,120,Male,Graduate,Yes,1086,Y
RN1126235,0,4950,1,Large,No,125,360,Male,Graduate,No,0,Y
RN1126236,1,3596,,Large,No,100,240,Male,Not Graduate,No,0,Y
RN1126237,0,3510,0,Large,No,76,360,Female,Graduate,No,0,N
RN1126238,0,4887,1,Small,No,133,360,Male,Not Graduate,Yes,0,N
RN1126239,0,2600,1,Large,,115,,Male,Graduate,Yes,3500,Y
RN1126240,0,7660,0,Large,No,104,360,Male,Not Graduate,Yes,0,N
RN1126241,1,5955,1,Large,No,315,360,Male,Graduate,Yes,5625,Y
RN1126242,0,2600,0,Medium,No,116,360,Male,Not Graduate,Yes,1911,N
RN1126243,2,3365,0,Small,No,112,360,,Not Graduate,Yes,1917,N
RN1126244,1,3717,,Medium,,151,360,Male,Graduate,Yes,2925,N
RN1126245,0,9560,1,Medium,Yes,191,360,Male,Graduate,Yes,0,Y
RN1126246,0,2799,1,Medium,No,122,360,Male,Graduate,Yes,2253,Y
RN1126247,2,4226,1,Large,No,110,360,Male,Not Graduate,Yes,1040,Y
RN1126248,0,1442,1,Large,No,35,360,Male,Not Graduate,No,0,N
RN1126249,2,3750,1,Medium,,120,360,Female,Graduate,No,2083,Y
RN1126250,1,4166,,Large,,201,360,Male,Graduate,Yes,3369,N
RN1126251,0,3167,1,Large,No,74,360,Male,Graduate,No,0,N
RN1126252,1,4692,1,Small,Yes,106,360,Male,Graduate,No,0,N
RN1126253,0,3500,1,Medium,No,114,360,Male,Graduate,Yes,1667,Y
RN1126254,3+,12500,1,Small,No,320,360,Male,Graduate,No,3000,N
RN1126255,0,2275,1,Large,No,,360,Male,Graduate,Yes,2067,Y
RN1126256,0,1828,0,Large,No,100,,Male,Graduate,Yes,1330,N
RN1126257,0,3667,1,Medium,No,144,360,Female,Graduate,Yes,1459,Y
RN1126258,0,4166,1,Large,No,184,360,Male,Graduate,No,7210,Y
RN1126259,0,3748,1,Medium,No,110,360,Male,Not Graduate,No,1668,Y
RN1126260,0,3600,1,Large,No,80,360,Male,Graduate,No,0,N
RN1126261,0,1800,1,Large,No,47,360,Male,Graduate,No,1213,Y
RN1126262,0,2400,,Large,No,75,360,Male,Graduate,Yes,0,Y
RN1126263,0,3941,1,Medium,No,134,360,Male,Graduate,Yes,2336,Y
RN1126264,0,4695,1,Large,Yes,96,,Male,Not Graduate,Yes,0,Y
RN1126265,0,3410,1,Large,No,88,,Female,Graduate,No,0,Y
RN1126266,1,5649,1,Large,No,44,360,Male,Graduate,Yes,0,Y
RN1126267,0,5821,1,Large,No,144,360,Male,Graduate,Yes,0,Y
RN1126268,0,2645,0,Large,No,120,360,Female,Graduate,Yes,3440,N
RN1126269,0,4000,1,Medium,No,144,360,Female,Graduate,No,2275,Y
RN1126270,0,1928,1,Medium,No,100,360,Female,Not Graduate,Yes,1644,Y
RN1126271,0,3086,1,Medium,No,120,360,Female,Graduate,No,0,Y
RN1126272,0,4230,1,Medium,No,112,360,Female,Graduate,No,0,N
RN1126273,2,4616,1,Large,No,134,360,Male,Graduate,Yes,0,N
RN1126274,1,11500,0,Large,Yes,286,360,Female,Graduate,Yes,0,N
RN1126275,2,2708,1,Medium,No,97,360,Male,Graduate,Yes,1167,Y
RN1126276,0,2132,1,Medium,No,96,360,Male,Graduate,Yes,1591,Y
RN1126277,0,3366,1,Small,No,135,360,Male,Graduate,Yes,2200,N
RN1126278,1,8080,1,Large,No,180,360,Male,Graduate,Yes,2250,Y
RN1126279,2,3357,1,Large,No,144,360,Male,Not Graduate,Yes,2859,Y
RN1126280,0,2500,1,Large,No,120,360,Male,Graduate,Yes,3796,Y
RN1126281,3+,3029,1,Large,No,99,360,Male,Graduate,Yes,0,Y
RN1126282,0,2609,0,Small,Yes,165,180,Male,Not Graduate,Yes,3449,N
RN1126283,1,4945,0,Small,No,,360,Male,Graduate,Yes,0,N
RN1126284,0,4166,0,Medium,No,116,360,Female,Graduate,No,0,N
RN1126285,0,5726,1,Medium,No,258,360,Male,Graduate,Yes,4595,N
RN1126286,0,3200,0,Large,No,126,180,Male,Not Graduate,No,2254,N
RN1126287,1,10750,1,Large,No,312,360,Male,Graduate,Yes,0,Y
RN1126288,3+,7100,1,Large,Yes,125,60,Male,Not Graduate,Yes,0,Y
RN1126289,0,4300,0,Medium,No,136,360,Female,Graduate,No,0,N
RN1126290,0,3208,1,Large,No,172,360,Male,Graduate,Yes,3066,Y
RN1126291,2,1875,1,Medium,Yes,97,360,Male,Not Graduate,Yes,1875,Y
RN1126292,0,3500,1,Medium,No,81,300,Male,Graduate,No,0,Y
RN1126293,3+,4755,0,Medium,No,95,,Male,Not Graduate,Yes,0,N
RN1126294,3+,5266,1,Medium,Yes,187,360,Male,Graduate,Yes,1774,Y
RN1126295,0,3750,1,Large,No,113,480,Male,Graduate,No,0,N
RN1126296,0,3750,1,Large,No,176,360,Male,Graduate,No,4750,N
RN1126297,1,1000,1,Large,Yes,110,360,Male,Graduate,Yes,3022,N
RN1126298,3+,3167,0,Medium,No,180,300,Male,Graduate,Yes,4000,N
RN1126299,3+,3333,,Medium,Yes,130,360,Male,Not Graduate,Yes,2166,Y
RN1126300,0,3846,1,Medium,No,111,360,Female,Graduate,No,0,Y
RN1126301,1,2395,1,Medium,Yes,,360,Male,Graduate,Yes,0,Y
RN1126302,2,1378,1,Large,No,167,360,Female,Graduate,Yes,1881,N
RN1126303,0,6000,,Medium,No,265,360,Male,Graduate,Yes,2250,N
RN1126304,1,3988,1,Large,No,50,240,Male,Graduate,Yes,0,Y
RN1126305,0,2366,1,Medium,No,136,360,Male,Graduate,No,2531,Y
RN1126306,2,3333,,Medium,No,99,360,Male,Not Graduate,Yes,2000,Y
RN1126307,0,2500,1,Medium,No,104,360,Male,Graduate,Yes,2118,Y
RN1126308,0,8566,1,Large,No,210,360,Male,Graduate,No,0,Y
RN1126309,0,5695,1,Medium,No,175,360,Male,Graduate,Yes,4167,Y
RN1126310,0,2958,1,Medium,No,131,360,Male,Graduate,Yes,2900,Y
RN1126311,2,6250,1,Medium,No,188,180,Male,Graduate,Yes,5654,Y
RN1126312,2,3273,1,Large,No,81,360,Male,Not Graduate,Yes,1820,Y
RN1126313,0,4133,1,Medium,No,122,360,Male,Graduate,No,0,Y
RN1126314,0,3620,1,Medium,No,25,120,Male,Not Graduate,No,0,Y
RN1126315,0,6782,,Large,,,360,Male,Graduate,No,0,N
RN1126316,0,2484,1,Medium,No,137,360,Female,Graduate,Yes,2302,Y
RN1126317,0,1977,1,Medium,No,50,360,Male,Graduate,Yes,997,Y
RN1126318,0,4188,1,Medium,No,115,180,Male,Not Graduate,Yes,0,Y
RN1126319,0,1759,1,Medium,No,131,360,Male,Graduate,Yes,3541,Y
RN1126320,2,4288,1,Large,No,133,180,Male,Not Graduate,Yes,3263,Y
RN1126321,0,4843,1,Medium,No,151,360,Male,Graduate,No,3806,Y
RN1126322,,13650,1,Large,No,,360,Male,Graduate,Yes,0,Y
RN1126323,0,4652,1,Medium,No,,360,Male,Graduate,Yes,3583,Y
RN1126324,,3816,1,Large,No,160,360,Male,Graduate,,754,Y
RN1126325,1,3052,1,Large,No,100,360,Male,Graduate,Yes,1030,Y
RN1126326,2,11417,1,Large,No,225,360,Male,Graduate,Yes,1126,Y
RN1126327,0,7333,1,Small,,120,360,Male,Not Graduate,No,0,N
RN1126328,2,3800,0,Large,No,216,360,Male,Graduate,Yes,3600,N
RN1126329,3+,2071,1,Medium,No,94,480,Male,Not Graduate,Yes,754,Y
RN1126330,0,5316,1,Large,No,136,360,Male,Graduate,No,0,Y
RN1126331,0,2929,1,Medium,,139,360,Female,Graduate,Yes,2333,Y
RN1126332,0,3572,0,Small,No,152,,Male,Not Graduate,Yes,4114,N
RN1126333,1,7451,1,Medium,Yes,,360,Female,Graduate,No,0,Y
RN1126334,0,5050,1,Medium,,118,360,Male,Graduate,No,0,Y
RN1126335,1,14583,1,Small,No,185,180,Male,Graduate,Yes,0,Y
RN1126336,0,3167,1,Medium,No,154,360,Female,Graduate,Yes,2283,Y
RN1126337,1,2214,,Large,No,85,360,Male,Graduate,Yes,1398,Y
RN1126338,0,5568,1,Small,No,175,360,Male,Graduate,Yes,2142,N
RN1126339,0,10408,1,Large,No,259,360,Female,Graduate,No,0,Y
RN1126340,,5667,1,Small,No,180,360,Male,Graduate,Yes,2667,Y
RN1126341,0,4166,1,Medium,No,44,360,Female,Graduate,No,0,Y
RN1126342,0,2137,0,Medium,No,137,360,Female,Graduate,No,8980,Y
RN1126343,2,2957,1,Medium,No,81,360,Male,Graduate,Yes,0,Y
RN1126344,0,4300,1,Small,No,194,360,Male,Not Graduate,Yes,2014,Y
RN1126345,0,3692,,Small,No,93,360,Female,Graduate,No,0,Y
RN1126346,3+,23803,1,Small,No,370,360,,Graduate,Yes,0,Y
RN1126347,0,3865,1,Small,No,,360,Male,Graduate,No,1640,Y
RN1126348,1,10513,0,Large,Yes,160,180,Male,Graduate,Yes,3850,N
RN1126349,0,6080,,Small,No,182,360,Male,Graduate,Yes,2569,N
RN1126350,0,20166,,Large,Yes,650,480,Male,Graduate,No,0,Y
RN1126351,0,2014,1,Large,No,74,360,Male,Graduate,No,1929,Y
RN1126352,0,2718,1,Medium,No,70,360,Male,Graduate,No,0,Y
RN1126353,0,3459,1,Medium,Yes,25,120,Male,Graduate,Yes,0,Y
RN1126354,0,4895,1,Medium,No,102,360,Male,Graduate,No,0,Y
RN1126355,3+,4000,1,Medium,No,290,360,Male,Graduate,Yes,7750,N
RN1126356,0,4583,1,Small,No,84,360,Female,Graduate,Yes,0,N
RN1126357,2,3316,1,Large,Yes,88,360,Male,Graduate,Yes,3500,Y
RN1126358,0,14999,0,Medium,No,242,360,Male,Graduate,No,0,N
RN1126359,2,4200,1,Small,No,129,360,Male,Not Graduate,Yes,1430,N
RN1126360,2,5042,1,Small,No,185,360,Male,Graduate,Yes,2083,N
RN1126361,0,5417,1,Large,No,168,360,Male,Graduate,No,0,Y
RN1126362,0,6950,1,Medium,Yes,175,180,Male,Graduate,No,0,Y
RN1126363,0,2698,1,Medium,No,122,360,Male,Graduate,Yes,2034,Y
RN1126364,2,11757,1,Large,No,187,180,Male,Graduate,Yes,0,Y
RN1126365,0,2330,1,Medium,No,100,360,Female,Graduate,Yes,4486,Y
RN1126366,2,14866,1,Large,No,70,360,Female,Graduate,Yes,0,Y
RN1126367,1,1538,1,Large,No,30,360,Male,Graduate,Yes,1425,Y
RN1126368,0,10000,1,Small,No,225,360,Female,Graduate,No,1666,N
RN1126369,0,4860,1,Medium,No,125,360,Male,Graduate,Yes,830,Y
RN1126370,0,6277,0,Small,No,118,360,Male,Graduate,No,0,N
RN1126371,0,2577,1,Small,Yes,152,360,Male,Graduate,Yes,3750,Y
RN1126372,0,9166,1,Large,No,244,360,Male,Graduate,No,0,N
RN1126373,2,2281,1,Small,No,113,360,Male,Not Graduate,Yes,0,N
RN1126374,0,3254,1,Large,No,50,360,Male,Graduate,No,0,Y
RN1126375,3+,39999,0,Medium,No,600,180,Male,Graduate,Yes,0,Y
RN1126376,1,6000,,Small,No,160,360,Male,Graduate,Yes,0,Y
RN1126377,1,9538,1,Large,No,187,360,Male,Graduate,Yes,0,Y
RN1126378,0,2980,1,Small,,120,360,Male,Graduate,No,2083,Y
RN1126379,0,4583,1,Medium,No,255,360,Male,Graduate,Yes,5625,Y
RN1126380,0,1863,1,Medium,No,98,360,Male,Not Graduate,Yes,1041,Y
RN1126381,0,7933,1,Large,No,275,360,Male,Graduate,Yes,0,N
RN1126382,1,3089,0,Medium,No,121,360,Male,Graduate,Yes,1280,N
RN1126383,2,4167,1,Small,No,158,360,Male,Graduate,Yes,1447,Y
RN1126384,0,9323,1,Large,No,75,180,Male,Graduate,Yes,0,Y
RN1126385,0,3707,1,Small,No,182,,Male,Graduate,Yes,3166,Y
RN1126386,0,4583,1,Small,No,112,360,Female,Graduate,Yes,0,N
RN1126387,0,2439,1,Small,No,129,360,Male,Graduate,Yes,3333,Y
RN1126388,0,2237,0,Medium,No,63,480,Male,Graduate,No,0,N
RN1126389,2,8000,1,Medium,No,200,360,Male,Graduate,Yes,0,Y
RN1126390,0,1820,1,Small,,95,360,Male,Not Graduate,Yes,1769,Y
RN1126391,3+,51763,1,Large,No,700,300,,Graduate,Yes,0,Y
RN1126392,3+,3522,1,Small,No,81,180,Male,Not Graduate,Yes,0,N
RN1126393,0,5708,1,Medium,No,187,360,Male,Graduate,Yes,5625,Y
RN1126394,0,4344,1,Medium,Yes,87,360,Male,Not Graduate,Yes,736,N
RN1126395,0,3497,1,Small,No,116,360,Male,Graduate,Yes,1964,Y
RN1126396,2,2045,1,Small,No,101,360,Male,Graduate,Yes,1619,Y
RN1126397,3+,5516,0,Medium,No,495,360,Male,Graduate,Yes,11300,N
RN1126398,1,3750,1,Medium,No,116,360,Male,Graduate,Yes,0,Y
RN1126399,0,2333,0,Large,No,102,480,Male,Not Graduate,No,1451,N
RN1126400,1,6400,0,Large,No,180,360,Male,Graduate,Yes,7250,N
RN1126401,0,1916,,Small,No,67,360,Male,Graduate,No,5063,N
RN1126402,0,4600,1,Medium,No,73,180,Male,Graduate,Yes,0,Y
RN1126403,1,33846,1,Medium,No,260,360,Male,Graduate,Yes,0,N
RN1126404,0,3625,1,Medium,No,108,360,Female,Graduate,Yes,0,Y
RN1126405,0,39147,1,Medium,Yes,120,360,Male,Graduate,Yes,4750,Y
RN1126406,1,2178,0,Small,Yes,66,300,Male,Graduate,Yes,0,N
RN1126407,0,2383,,Small,No,58,360,Male,Graduate,Yes,2138,Y
RN1126408,0,674,1,Small,Yes,168,360,,Graduate,Yes,5296,Y
RN1126409,0,9328,1,Small,No,188,180,Male,Graduate,Yes,0,Y
RN1126410,0,4885,1,Small,No,48,360,Male,Not Graduate,No,0,Y
RN1126411,0,12000,1,Medium,No,164,360,Male,Graduate,No,0,N
RN1126412,0,6033,1,Large,No,160,360,Male,Not Graduate,Yes,0,N
RN1126413,0,3858,1,Medium,No,76,360,Male,Graduate,No,0,Y
RN1126414,0,4191,1,Small,No,120,360,Male,Graduate,No,0,Y
RN1126415,1,3125,1,Medium,No,170,360,Male,Graduate,Yes,2583,N
RN1126416,0,8333,1,Small,No,187,360,Male,Graduate,No,3750,Y
RN1126417,0,1907,1,Large,No,120,,Female,Not Graduate,No,2365,Y
RN1126418,0,3416,,Medium,No,113,360,Female,Graduate,Yes,2816,Y
RN1126419,0,11000,1,Large,Yes,83,360,Male,Graduate,No,0,N
RN1126420,1,2600,1,Medium,No,90,360,Male,Not Graduate,Yes,2500,Y
RN1126421,2,4923,0,Medium,No,166,360,Male,Graduate,No,0,Y
RN1126422,3+,3992,1,Large,No,,180,Male,Not Graduate,Yes,0,N
RN1126423,1,3500,1,Large,No,135,360,Male,Not Graduate,Yes,1083,Y
RN1126424,2,3917,1,Medium,No,124,360,Male,Not Graduate,Yes,0,Y
RN1126425,0,4408,1,Medium,No,120,360,Female,Not Graduate,No,0,Y
RN1126426,0,3244,1,Large,No,80,360,Female,Graduate,No,0,Y
RN1126427,0,3975,1,Small,No,55,360,Male,Not Graduate,No,2531,Y
RN1126428,0,2479,1,Large,No,59,360,Male,Graduate,No,0,Y
RN1126429,0,3418,1,Medium,No,127,360,Male,Graduate,No,0,N
RN1126430,0,10000,1,Medium,No,214,360,Female,Graduate,No,0,N
RN1126431,3+,3430,0,Medium,No,128,360,Male,Graduate,Yes,1250,N
RN1126432,1,7787,1,Large,Yes,240,360,Male,Graduate,Yes,0,Y
RN1126433,3+,5703,1,Small,Yes,130,360,Male,Not Graduate,Yes,0,Y
RN1126434,0,3173,1,Large,No,137,360,Male,Graduate,Yes,3021,Y
RN1126435,3+,3850,1,Medium,No,100,360,Male,Not Graduate,Yes,983,Y
RN1126436,0,150,1,Small,No,135,360,Male,Graduate,Yes,1800,N
RN1126437,0,3727,1,Medium,No,131,360,Male,Graduate,Yes,1775,Y
RN1126438,2,5000,0,Medium,,72,360,Male,Graduate,Yes,0,N
RN1126439,2,4283,,Medium,No,127,360,Female,Graduate,Yes,2383,Y
RN1126440,0,2221,0,Large,No,60,360,Male,Graduate,Yes,0,N
RN1126441,2,4009,1,Medium,No,116,360,Male,Graduate,Yes,1717,Y
RN1126442,0,2971,1,Medium,No,144,360,Male,Graduate,No,2791,Y
RN1126443,0,7578,1,Medium,No,175,,Male,Graduate,Yes,1010,Y
RN1126444,0,6250,1,Medium,No,128,360,Male,Graduate,Yes,0,Y
RN1126445,0,3250,1,Small,No,170,360,Male,Graduate,Yes,0,N
RN1126446,,4735,1,Large,Yes,138,360,Male,Not Graduate,Yes,0,N
RN1126447,2,6250,1,Medium,No,210,360,Male,Graduate,Yes,1695,Y
RN1126448,,4758,1,Medium,No,158,480,Male,Graduate,,0,Y
RN1126449,0,6400,1,Small,Yes,200,360,Male,Graduate,No,0,Y
RN1126450,1,2491,1,Medium,No,104,360,Male,Graduate,Yes,2054,Y
RN1126451,0,3716,1,Small,,42,180,Male,Graduate,Yes,0,Y
RN1126452,0,3189,1,Small,No,120,,Male,Not Graduate,No,2598,Y
RN1126453,0,8333,1,Medium,No,280,360,Female,Graduate,No,0,Y
RN1126454,1,3155,1,Medium,No,140,360,Male,Graduate,Yes,1779,Y
RN1126455,1,5500,1,Small,No,170,360,Male,Graduate,Yes,1260,Y
RN1126456,0,5746,,Large,,255,360,Male,Graduate,Yes,0,N
RN1126457,0,3463,,Large,Yes,122,360,Female,Graduate,No,0,Y
RN1126458,1,3812,1,Small,No,112,360,Female,Graduate,No,0,Y
RN1126459,1,3315,1,Medium,No,96,360,Male,Graduate,Yes,0,Y
RN1126460,2,5819,1,Small,No,120,360,Male,Graduate,Yes,5000,Y
RN1126461,1,2510,1,Large,No,140,180,Male,Not Graduate,Yes,1983,N
RN1126462,0,2965,1,Large,No,155,60,Male,Graduate,No,5701,Y
RN1126463,2,6250,1,Small,Yes,108,360,Male,Graduate,Yes,1300,Y
RN1126464,0,3406,1,Medium,No,123,360,Male,Not Graduate,Yes,4417,Y
RN1126465,0,6050,1,Large,Yes,120,180,Male,Graduate,No,4333,N
RN1126466,2,9703,1,Large,No,112,360,Male,Graduate,Yes,0,Y
RN1126467,1,6608,1,Large,No,137,180,Male,Not Graduate,Yes,0,Y
RN1126468,1,2882,1,Medium,No,123,480,Male,Graduate,Yes,1843,Y
RN1126469,0,1809,1,Large,No,90,360,Male,Graduate,Yes,1868,Y
RN1126470,0,1668,0,Medium,No,201,360,Male,Not Graduate,Yes,3890,N
RN1126471,2,3427,1,Large,No,138,360,Female,Graduate,No,0,N
RN1126472,0,2583,1,Small,Yes,104,360,Male,Not Graduate,No,2167,Y
RN1126473,1,2661,1,Medium,No,279,180,Male,Not Graduate,Yes,7101,Y
RN1126474,0,16250,0,Large,Yes,192,360,Male,Graduate,No,0,N
RN1126475,3+,3083,1,Small,No,255,360,Female,Graduate,No,0,Y
RN1126476,0,6045,0,Small,No,115,360,Male,Not Graduate,No,0,N
RN1126477,3+,5250,1,Large,No,94,360,Male,Graduate,Yes,0,N
RN1126478,0,14683,1,Small,No,304,360,Male,Graduate,Yes,2100,N
RN1126479,3+,4931,,Medium,No,128,360,Male,Not Graduate,Yes,0,N
RN1126480,1,6083,,Large,No,330,360,Male,Graduate,Yes,4250,Y
RN1126481,0,2060,1,Medium,No,134,360,Male,Graduate,No,2209,Y
RN1126482,1,3481,1,Medium,No,155,36,Female,Graduate,No,0,N
RN1126483,0,7200,1,Small,No,120,360,Female,Graduate,No,0,Y
RN1126484,0,5166,1,Medium,Yes,128,360,Male,Graduate,No,0,Y
RN1126485,0,4095,1,Small,No,151,360,Male,Graduate,No,3447,Y
RN1126486,2,4708,1,Medium,No,150,360,Male,Graduate,Yes,1387,Y
RN1126487,3+,4333,0,Large,No,160,360,Male,Graduate,Yes,1811,Y
RN1126488,0,3418,1,Small,,135,360,Female,Graduate,No,0,N
